{
  "n_states": 5,
  "transitions": [
    {
      "classification": "transition",
      "from": "QSOL 1_ Stable Invariant State.mp3",
      "from_index": 0,
      "metrics": {
        "centroid_delta": 495.3825356090679,
        "energy_delta": 0.003250728464152336,
        "fft_similarity": 0.9796281802363562,
        "spread_delta": 338.52187678276914,
        "zcr_delta": -0.0010163600358438774
      },
      "to": "QSOL 2_ Near-Boundary Instability.mp3",
      "to_index": 1
    },
    {
      "classification": "transition",
      "from": "QSOL 2_ Near-Boundary Instability.mp3",
      "from_index": 1,
      "metrics": {
        "centroid_delta": -447.2149368379728,
        "energy_delta": 0.01826543014381954,
        "fft_similarity": 0.04984338606751197,
        "spread_delta": -174.12494556426873,
        "zcr_delta": -0.0066253105825943535
      },
      "to": "QSOL 3_ Structural Transition.mp3",
      "to_index": 2
    },
    {
      "classification": "transition",
      "from": "QSOL 3_ Structural Transition.mp3",
      "from_index": 2,
      "metrics": {
        "centroid_delta": 751.957298633065,
        "energy_delta": -0.008363235691636495,
        "fft_similarity": 0.9625148735530497,
        "spread_delta": 593.5721587937096,
        "zcr_delta": 0.005591273529416126
      },
      "to": "QSOL 4_ Constraint Failure _ Collapse.mp3",
      "to_index": 3
    },
    {
      "classification": "transition",
      "from": "QSOL 4_ Constraint Failure _ Collapse.mp3",
      "from_index": 3,
      "metrics": {
        "centroid_delta": -583.6310382240708,
        "energy_delta": -0.0018122992154488982,
        "fft_similarity": 0.9890406991462948,
        "spread_delta": -346.3538431996776,
        "zcr_delta": -0.003168835269284069
      },
      "to": "QSOL 5_ Recovery _ Re-stabilization.mp3",
      "to_index": 4
    }
  ]
}